score,directness,posted_at,source,company,title,location,url,salary_min,salary_max,required_years,tech_tags,matched_groups,preferred_location,alt_sources
115,35,2026-10-01T00:00:00+00:00,linkedin,Gleesoft Consulting LLC,ETL Informatica Developer,"Dallas, TX",https://www.linkedin.com/jobs/view/etl-informatica-developer-4472393413,,,0,"informatica,sql",data,True,
115,35,2026-09-30T00:00:00+00:00,linkedin,City Electric Supply,DATA ANALYST,Dallas-Fort Worth Metroplex,https://www.linkedin.com/jobs/view/data-analyst-at-city-electric-supply-4473927448,,,0,power bi,data,True,
90,35,2026-09-25T00:00:00+00:00,linkedin,Russell Tobin,Residential Mortgage Data Analyst,Dallas-Fort Worth Metroplex,https://www.linkedin.com/jobs/view/residential-mortgage-data-analyst-at-russell-tobin-4470193621,90000,100000,0,"power bi,sql",data,True,
85,35,2026-09-29T00:00:00+00:00,linkedin,Deloitte,PROJECT - Data Engineer II,"Dayton, OH",https://www.linkedin.com/jobs/view/project-data-engineer-ii-at-deloitte-4473084800,71300,140600,1,"snowflake,databricks,spark,airflow,python,sql,azure",data,False,
85,35,2026-09-29T00:00:00+00:00,linkedin,Deloitte,PROJECT - Data Engineer II,Salt Lake City Metropolitan Area,https://www.linkedin.com/jobs/view/project-data-engineer-ii-at-deloitte-4473087667,71300,140600,1,"snowflake,databricks,spark,airflow,python,sql,azure",data,False,
80,35,2026-09-30T00:00:00+00:00,linkedin,CYVL,Data Engineer,"San Francisco, CA",https://www.linkedin.com/jobs/view/data-engineer-at-cyvl-4473590611,125000,195000,3,"spark,airflow,python,sql,aws,kubernetes",data,False,
75,35,2026-09-30T00:00:00+00:00,linkedin,DLA Piper,Data Engineer,"Austin, Texas Metropolitan Area",https://www.linkedin.com/jobs/view/data-engineer-at-dla-piper-4464651320,100787,160255,3,"databricks,python,sql,azure",data,False,
60,35,2026-09-29T00:00:00+00:00,linkedin,"TechnoSphere, Inc.",Azure Data Engineer,United States,https://www.linkedin.com/jobs/view/azure-data-engineer-at-technosphere-inc-4473298552,,,0,"databricks,spark,power bi,python,sql,azure",data,False,
50,35,2026-09-28T00:00:00+00:00,linkedin,Institute of Foundation Models,Data Engineer,"Sunnyvale, CA",https://www.linkedin.com/jobs/view/data-engineer-at-institute-of-foundation-models-4472785029,,,0,"spark,kafka,python,sql,aws,kubernetes",data,False,
